Date,Open,High,Low,Close,Volume,OpenInt
2024-06-04,23.008,23.906,22.194,23.153,4211,9207
2024-06-04,23.465,24.454,23.182,23.571,15266,5891
2024-06-04,24.172,24.741,24.001,24.61,3441,8659
2024-06-04,24.628,25.153,24.02,24.887,17287,1415
2024-06-04,23.217,23.857,22.743,23.292,3838,3770
2024-06-04,23.802,24.527,22.987,23.396,36035,6068
2024-06-04,24.778,25.211,24.464,24.762,39270,9849
2024-06-04,23.569,24.332,23.383,23.538,19073,5956
2024-06-04,24.661,24.716,23.812,23.954,5553,830
2024-06-04,24.205,24.483,23.397,24.104,36646,6544
2024-06-04,24.618,25.027,24.22,24.958,31268,1911
2024-06-04,23.643,23.741,22.856,23.532,8391,8213
2024-06-04,24.352,24.541,23.467,24.405,7073,4529
2024-06-04,24.663,24.871,24.361,24.552,36372,4900
2024-06-04,24.852,25.537,24.851,24.888,16891,6056
2024-06-04,24.597,24.817,23.659,23.675,9351,4092
2024-06-04,24.368,25.041,23.973,24.674,47726,3469
2024-06-04,23.601,24.121,23.315,23.669,25871,4905
2024-06-04,23.788,24.616,22.967,23.762,43453,7651
2024-06-04,24.822,25.437,24.402,25.094,6361,1329
2024-06-04,24.03,24.552,23.085,23.401,46133,6537
2024-06-04,24.735,24.866,23.996,24.11,35700,6804
2024-06-04,24.305,24.865,24.01,24.56,14382,5690
2024-06-04,23.766,24.298,22.895,23.138,20705,2369
2024-06-04,23.062,23.218,22.605,22.8,44808,5198
2024-06-04,23.773,24.334,22.807,23.047,3539,7350
2024-06-04,24.608,25.194,24.122,25.005,11222,5828
2024-06-04,24.4,24.812,23.888,24.025,41404,8120
2024-06-04,23.403,23.526,22.609,23.028,34895,865
2024-06-04,23.034,23.598,22.305,23.567,15009,4530
2024-06-04,23.837,24.079,23.167,23.983,1110,5108
2024-06-04,24.617,25.347,24.524,25.065,43566,7185
2024-06-04,24.473,24.527,23.476,24.16,46786,2999
2024-06-04,24.305,24.747,23.585,24.419,37381,3686
2024-06-04,24.345,25.071,24.051,24.769,45871,1669
2024-06-04,23.247,24.028,22.6,22.84,16392,3770
2024-06-04,24.79,25.496,24.304,24.793,31368,9751
2024-06-04,24.98,25.819,24.743,25.403,4088,4717
2024-06-04,23.703,24.093,23.208,23.749,19955,8285
2024-06-04,24.669,25.581,24.116,25.224,9516,1050
2024-06-04,24.592,24.874,23.964,24.815,44582,1804
2024-06-04,24.532,25.46,23.983,25.142,47623,941
2024-06-04,24.261,24.271,23.458,23.75,25461,962
2024-06-04,23.884,24.183,23.305,23.857,26290,1683
2024-06-04,23.104,23.99,22.623,22.954,45159,8581
2024-06-04,23.552,24.488,22.69,24.422,6729,9357
2024-06-04,24.787,25.096,24.304,24.448,3088,8247
2024-06-04,23.056,24.004,22.235,23.03,10248,5478
2024-06-04,24.032,24.707,23.949,24.693,17869,4344
2024-06-04,23.101,23.659,23.02,23.027,49255,1733
2024-06-04,24.596,24.74,24.307,24.382,34505,2126
2024-06-04,24.22,25.098,23.549,23.935,15436,7205
2024-06-04,24.953,25.074,23.998,24.045,43167,4283
2024-06-04,23.036,23.15,22.41,22.989,15483,8569
2024-06-04,24.245,24.962,23.795,23.994,19226,4328
2024-06-04,24.837,25.086,24.138,24.25,13668,8181
2024-06-04,23.425,24.34,23.252,23.379,7819,8862
2024-06-04,24.523,25.416,23.832,23.896,27989,968
2024-06-04,23.276,23.887,22.828,23.368,10932,1109
2024-06-04,23.346,23.883,22.78,23.198,33827,80
2024-06-04,23.012,23.603,22.808,23.123,9483,8740
2024-06-04,24.341,24.403,23.432,24.334,31793,101
2024-06-04,24.059,24.761,23.195,23.212,19484,9096
2024-06-04,23.689,24.572,23.293,24.529,19800,79
2024-06-04,23.689,24.646,23.568,24.132,20477,8051
2024-06-04,24.678,25.431,24.309,24.813,23284,2156
2024-06-04,24.734,25.252,24.363,24.922,11658,560
2024-06-04,24.796,25.114,23.814,24.545,6211,1595
2024-06-04,24.381,24.785,24.066,24.559,8000,7949
2024-06-04,24.673,25.19,24.646,24.865,49352,6498
2024-06-04,23.828,24.536,23.553,23.77,12993,3088
2024-06-04,24.845,25.255,23.967,24.424,38064,2326
2024-06-04,24.357,24.381,24.104,24.163,45554,3263
2024-06-04,24.902,25.5,24.231,25.076,49477,6770
2024-06-04,23.247,23.264,22.642,23.242,32232,3351
2024-06-04,23.895,24.729,23.408,24.595,31192,3109
2024-06-04,23.659,24.108,23.047,23.441,39141,3069
2024-06-04,24.155,24.549,23.198,24.025,41016,8025
2024-06-04,24.007,24.757,23.684,24.382,19356,5063
2024-06-04,23.386,24.284,22.996,23.003,11983,4382
2024-06-04,24.484,24.495,24.461,24.466,37902,2233
2024-06-04,23.782,24.013,22.906,23.767,5935,8282
2024-06-04,23.463,23.697,22.74,23.408,4249,8168
2024-06-04,23.175,23.835,22.546,22.851,12878,9322
2024-06-04,24.556,25.18,23.774,24.399,24541,1442
2024-06-04,23.882,24.746,23.176,24.056,37216,8366
2024-06-04,23.892,24.23,23.12,23.316,47992,8008
2024-06-04,23.751,23.884,23.0,23.49,22775,1751
2024-06-04,24.918,25.41,24.389,24.794,47844,1069
2024-06-04,23.872,24.05,22.896,23.816,15664,1754
2024-06-04,24.997,25.685,24.355,25.45,18258,9005
2024-06-04,23.502,24.219,23.478,24.026,19139,880
2024-06-04,23.218,23.997,22.437,22.89,39108,6914
2024-06-04,24.285,24.906,24.04,24.612,20505,8583
2024-06-04,23.179,24.089,23.107,23.208,7519,4615
2024-06-04,24.662,25.578,23.856,24.202,35073,7722
2024-06-04,23.664,24.039,22.693,23.148,8079,6932
2024-06-04,24.213,24.941,23.893,24.745,37683,4027
2024-06-04,24.588,24.84,24.161,24.592,41448,3013
2024-06-04,24.052,24.441,23.273,24.162,45790,6645
2024-06-04,23.22,23.246,23.056,23.096,36939,3402
2024-06-04,24.24,25.11,23.425,24.883,40143,950
2024-06-04,23.465,23.742,22.772,22.918,30023,6710
2024-06-04,24.901,25.796,24.162,24.461,40511,2288
2024-06-04,23.374,23.733,22.609,22.757,3018,8076
2024-06-04,23.452,23.898,22.722,22.746,14414,1595
2024-06-04,23.164,23.425,23.038,23.05,47077,5377
2024-06-04,23.702,24.517,23.602,24.136,14841,587
2024-06-04,24.012,24.284,23.752,23.964,11608,3855
2024-06-04,23.906,24.031,23.47,23.868,45453,6968
2024-06-04,23.018,23.235,22.638,22.854,27052,7586
2024-06-04,24.927,25.74,23.931,25.131,44431,5414
2024-06-04,24.172,24.577,23.869,24.244,27238,1448
2024-06-04,23.959,24.362,23.509,24.172,25296,9818
2024-06-04,23.997,24.692,23.025,23.709,20686,7150
2024-06-04,24.221,24.869,24.066,24.118,19147,3381
2024-06-04,23.408,24.007,23.149,23.494,5883,5150
2024-06-04,23.632,23.774,22.797,23.035,3842,5829
2024-06-04,23.075,23.729,22.485,23.704,2001,2185
2024-06-04,24.908,25.588,24.288,25.249,8306,3295
2024-06-04,23.882,24.589,23.841,23.999,41902,4070
2024-06-04,23.473,23.948,23.198,23.876,36378,6252
2024-06-04,24.328,25.164,24.128,24.327,44356,6627
2024-06-04,24.258,25.129,23.687,24.719,32591,9577
2024-06-04,23.622,24.085,22.998,23.402,4803,4620
2024-06-04,23.94,24.727,23.11,23.83,18166,8919
2024-06-04,23.126,23.223,23.029,23.125,33074,7476
2024-06-04,23.264,23.327,22.954,23.281,45217,390
2024-06-04,24.528,24.786,23.69,24.296,20471,1707
2024-06-04,24.881,25.669,24.189,25.658,21397,3031
2024-06-04,23.701,24.348,23.692,23.97,23632,1391
2024-06-04,23.126,23.245,22.603,22.909,23086,7715
2024-06-04,23.696,24.067,23.287,23.445,36118,4757
2024-06-04,23.956,24.206,22.99,24.197,3142,1768
2024-06-04,23.764,24.739,23.721,24.418,36395,9933
2024-06-04,24.944,25.479,24.285,25.231,41610,5488
2024-06-04,24.662,25.448,24.537,24.603,16575,7595
2024-06-04,23.615,24.435,22.681,23.948,15194,2663
2024-06-04,23.435,23.894,22.726,23.53,6643,8436
2024-06-04,23.654,24.641,23.62,23.829,24389,5976
2024-06-04,23.964,24.239,23.218,24.107,19804,2005
2024-06-04,23.456,24.281,23.26,23.386,3089,271
2024-06-04,23.962,24.584,23.501,24.194,31170,793
2024-06-04,23.796,24.701,23.363,23.846,4960,4056
2024-06-04,24.163,24.245,23.376,23.971,1140,4071
2024-06-04,24.805,25.276,23.94,24.125,37606,6572
2024-06-04,23.862,23.982,23.127,23.415,30641,838
2024-06-04,23.181,23.528,22.644,23.339,14786,6340
2024-06-04,24.275,25.107,23.898,24.927,16909,9725
2024-06-04,23.307,23.454,23.07,23.179,31257,3224
2024-06-04,24.501,24.621,24.06,24.308,28076,6239
2024-06-04,24.013,24.395,23.292,23.436,24042,9638
2024-06-04,24.604,25.549,24.478,24.512,18486,8346
2024-06-04,24.094,24.834,23.992,24.315,29787,4245
2024-06-04,24.051,24.094,23.656,23.91,49502,4266
2024-06-04,24.039,24.362,23.472,24.244,31978,816
2024-06-04,24.395,25.385,24.244,25.014,6201,8484
2024-06-04,24.123,24.338,23.579,23.601,29170,6190
2024-06-04,23.785,24.123,23.463,23.59,16210,9237
2024-06-04,24.388,24.749,24.035,24.505,32967,2197
2024-06-04,24.648,25.57,24.054,25.036,17351,457
2024-06-04,24.354,24.455,24.062,24.364,36952,4586
2024-06-04,23.201,23.916,22.458,23.791,31817,7219
2024-06-04,23.654,23.698,22.976,23.222,18785,7832
2024-06-04,23.527,24.268,23.454,23.542,16908,9438
2024-06-04,23.04,23.299,22.999,23.03,35568,3396
2024-06-04,24.568,24.766,24.545,24.554,7050,3750
2024-06-04,23.677,24.353,23.106,23.86,27595,729
2024-06-04,23.753,24.481,22.783,23.248,17079,8329
2024-06-04,24.762,25.389,24.094,25.347,7300,5044
2024-06-04,24.553,25.083,23.638,24.136,30427,9752
2024-06-04,24.425,25.082,23.814,23.945,43071,8125
2024-06-04,23.556,24.153,23.188,23.991,1379,3404
2024-06-04,23.359,23.848,22.595,23.798,15439,7377
2024-06-04,23.144,23.167,22.839,22.914,40572,945
2024-06-04,23.588,23.752,23.357,23.449,34659,732
2024-06-04,24.588,25.306,24.414,24.447,22324,9533
2024-06-04,23.694,24.192,23.2,24.117,28822,4747
2024-06-04,23.947,24.615,23.746,23.882,19584,2473
2024-06-04,24.653,25.279,23.69,23.996,34974,8245
2024-06-04,24.696,25.0,23.937,24.186,28083,7090
2024-06-04,23.876,24.867,22.879,23.909,12226,5599
2024-06-04,23.196,23.523,22.986,22.996,13157,8857
2024-06-04,24.169,24.306,23.746,23.951,15700,5382
2024-06-04,23.184,23.808,23.183,23.278,6038,1175
2024-06-04,23.661,23.871,23.325,23.366,10610,2155
2024-06-04,24.256,24.649,23.756,24.638,24103,8567
2024-06-04,23.482,24.016,22.511,23.769,35205,3486
2024-06-04,23.116,23.239,22.765,22.92,22282,943
2024-06-04,24.994,25.409,24.823,24.827,42501,8694
2024-06-04,24.635,25.117,24.428,24.799,17939,1633
2024-06-04,24.367,24.446,23.868,24.111,9543,1126
2024-06-04,23.287,24.171,22.562,23.863,22651,1193
2024-06-04,24.59,25.08,23.863,24.856,27783,431
2024-06-04,23.251,23.387,23.179,23.272,19569,6408
2024-06-04,24.694,25.619,24.117,25.482,44025,6155
2024-06-04,24.239,25.117,23.495,24.745,45358,9747
2024-06-04,24.75,25.345,23.989,24.782,46704,2330
2024-06-04,24.503,25.458,24.228,24.526,47862,6968
2024-06-04,24.571,25.3,24.187,25.246,43871,5246
2024-06-04,24.964,24.995,24.451,24.857,45103,6691
2024-06-04,23.22,23.314,22.344,22.538,37457,4364
2024-06-04,24.462,25.112,24.082,24.738,28554,9008
2024-06-04,24.47,25.253,23.975,24.614,4275,6706
2024-06-04,23.389,24.387,23.374,23.411,42686,599
2024-06-04,24.931,25.546,24.473,24.962,12486,3073
2024-06-04,24.92,24.956,24.018,24.123,26142,3900
2024-06-04,24.2,24.318,23.505,23.868,16033,6174
2024-06-04,24.089,24.902,24.011,24.177,49566,9841
2024-06-04,23.745,24.623,22.86,23.727,20240,7356
2024-06-04,23.387,23.942,23.31,23.498,3302,345
2024-06-04,24.44,25.344,23.788,24.489,48949,477
2024-06-04,23.659,24.299,23.155,24.102,9307,7266
2024-06-04,23.791,24.398,22.999,23.393,45552,8451
2024-06-04,24.493,24.523,24.027,24.203,36230,9419
2024-06-04,24.376,25.202,23.948,24.57,35242,2441
2024-06-04,23.467,24.249,23.45,23.767,4466,424
2024-06-04,23.951,24.319,23.627,24.318,31004,2714
2024-06-04,24.983,25.432,24.231,24.561,7664,3151
2024-06-04,24.265,24.502,23.635,24.344,23330,7877
2024-06-04,23.881,24.837,23.798,23.907,37821,9606
2024-06-04,24.646,24.86,24.516,24.783,4559,3745
2024-06-04,24.139,24.719,23.924,24.071,49290,2786
2024-06-04,24.764,25.604,24.607,24.98,6660,2303
2024-06-04,23.652,24.269,22.787,22.903,40525,7854
2024-06-04,23.898,23.931,22.941,23.37,15303,1129
2024-06-04,23.723,23.86,23.173,23.594,1873,7155
2024-06-04,23.208,23.567,23.135,23.419,19010,7046
2024-06-04,24.536,25.344,24.331,25.008,11815,3385
2024-06-04,23.437,23.606,22.862,23.245,49942,3284
2024-06-04,23.75,23.96,23.564,23.932,19850,8054
2024-06-04,23.525,23.736,23.309,23.426,17008,7537
2024-06-04,23.318,23.612,23.271,23.522,44197,6846
2024-06-04,24.682,25.633,24.665,25.618,32509,7805
2024-06-04,23.485,23.815,22.56,22.904,19840,1748
2024-06-04,24.094,25.073,23.233,24.782,30773,6667
2024-06-04,24.455,24.679,23.565,24.512,7057,629
2024-06-04,24.217,24.545,23.677,23.995,48286,4901
2024-06-04,23.229,23.62,22.534,22.839,20735,2418
2024-06-04,24.943,25.425,24.735,25.291,49963,5922
2024-06-04,23.899,24.529,23.505,23.693,28411,3425
2024-06-04,24.092,24.888,23.469,23.829,28704,8743
2024-06-04,23.216,23.535,23.105,23.281,10719,8326
2024-06-04,24.581,25.356,24.191,24.345,33386,1023
2024-06-04,24.833,25.67,24.043,25.008,21285,5530
2024-06-04,24.672,25.355,24.466,25.258,11970,975
2024-06-04,24.193,25.125,23.76,24.848,35653,7740
2024-06-04,24.398,24.742,24.314,24.6,44493,711
2024-06-04,24.06,24.33,23.729,24.081,41971,4864
2024-06-04,24.229,25.183,23.635,24.563,41451,9771
2024-06-04,23.122,23.595,23.074,23.451,7620,9108
2024-06-04,23.409,24.03,22.822,23.759,6978,10000
2024-06-04,24.536,25.061,23.847,23.86,40582,8316
2024-06-04,24.583,25.151,23.956,24.001,1993,9779
2024-06-04,23.505,23.511,22.803,23.148,11711,7576
2024-06-04,23.117,23.452,22.564,23.085,23214,7325
2024-06-04,23.835,24.581,23.739,24.067,35734,3964
2024-06-04,24.112,25.091,23.52,24.431,35498,166
2024-06-04,23.881,23.908,23.681,23.719,43973,4570
2024-06-04,24.9,25.546,24.149,25.369,28439,9887
2024-06-04,23.071,23.346,22.856,23.149,14484,9657
2024-06-04,24.8,25.656,24.133,24.842,45758,7964
2024-06-04,24.733,24.805,24.495,24.532,30764,670
2024-06-04,23.348,24.021,22.62,23.105,6299,7291
2024-06-04,23.517,24.03,23.482,24.019,7958,4419
2024-06-04,23.622,23.804,23.521,23.697,4302,3968
2024-06-04,24.82,25.772,24.152,24.738,39757,460
2024-06-04,24.599,25.172,23.686,23.783,10762,7852
2024-06-04,24.74,25.196,24.512,24.903,3759,8077
2024-06-04,23.847,24.539,23.663,23.856,40034,840
2024-06-04,24.499,25.06,23.799,24.714,38599,3597
2024-06-04,23.891,24.528,23.005,24.499,25823,9184
2024-06-04,24.962,25.098,24.696,24.772,16356,1109
2024-06-04,24.024,24.03,23.787,23.792,30421,5231
2024-06-04,24.877,25.312,24.728,25.217,6757,1488
2024-06-04,23.093,23.92,22.238,22.757,11935,9742
2024-06-04,23.438,24.199,22.617,22.908,37738,1951
2024-06-04,24.695,25.293,23.729,24.378,1995,6969
2024-06-04,23.175,23.332,22.332,22.552,37661,4662
2024-06-04,23.907,24.002,23.171,23.835,32739,9655
2024-06-04,24.936,25.352,24.55,24.64,26251,3541
2024-06-04,24.491,24.848,23.658,24.695,2436,9744
2024-06-04,24.277,25.046,23.302,24.115,18477,4776
2024-06-04,23.272,23.824,22.485,23.081,3566,964
2024-06-04,23.6,24.524,23.068,23.227,33984,3178
2024-06-04,23.602,24.185,22.705,23.817,2108,3111
2024-06-04,24.243,25.185,23.507,24.899,49532,908
2024-06-04,23.254,23.667,22.935,23.046,37813,8535
2024-06-04,24.274,25.07,23.347,24.937,18018,7396
2024-06-04,24.482,24.685,23.54,23.901,27007,3417
2024-06-04,23.461,24.392,23.011,23.634,43824,4379
2024-06-04,24.873,25.638,23.932,25.37,14421,8611
2024-06-04,24.062,24.108,23.874,23.913,21653,1783
2024-06-04,23.121,23.337,23.072,23.275,31578,9504
2024-06-04,24.7,25.665,23.847,23.863,4783,348
2024-06-04,24.884,25.178,23.895,24.495,34012,4060
2024-06-04,24.264,24.586,23.695,24.02,12476,325
2024-06-04,24.946,25.072,24.554,24.626,22383,9189
2024-06-04,23.455,24.43,22.966,23.76,35342,791
2024-06-04,23.816,24.147,23.017,23.143,46333,27
2024-06-04,24.091,24.916,23.628,23.875,39484,1064
2024-06-04,24.101,24.187,24.095,24.172,38478,3275
2024-06-04,24.822,25.547,24.43,25.441,42017,8234
2024-06-04,23.64,24.418,22.731,24.117,16455,3598
2024-06-04,24.835,25.818,24.614,24.808,40131,9698
2024-06-04,23.144,23.773,22.651,23.194,9504,3750
2024-06-04,24.118,24.259,24.096,24.103,13374,7297
2024-06-04,24.465,25.025,23.799,24.039,11277,4294
2024-06-04,24.794,24.964,24.381,24.474,37551,8044
2024-06-04,24.63,24.704,23.873,24.382,26998,9907
2024-06-04,23.46,24.163,22.54,23.107,19408,6139
2024-06-04,24.429,25.086,24.097,24.097,10032,6768
2024-06-04,24.227,24.306,23.415,23.423,30743,27
2024-06-04,24.995,25.672,24.593,24.904,24732,5155
2024-06-04,23.156,23.533,22.846,23.061,29030,6763
2024-06-04,24.733,24.949,24.658,24.724,14396,7025
2024-06-04,23.607,24.31,22.791,23.33,27838,8723
2024-06-04,24.939,25.327,24.472,24.571,24881,3263
2024-06-04,23.52,24.066,22.761,22.816,40074,7847
2024-06-04,23.766,24.036,22.804,23.557,37173,3005
2024-06-04,23.242,23.723,22.943,23.319,28219,735
2024-06-04,24.517,24.764,24.246,24.384,25115,9590
2024-06-04,23.715,23.939,23.216,23.889,45217,3237
2024-06-04,23.159,23.759,22.947,23.421,36397,2825
2024-06-04,23.161,24.149,23.048,24.1,9681,2121
2024-06-04,24.936,25.069,24.4,24.616,24953,9907
2024-06-04,23.698,24.218,23.25,23.693,11833,3749
2024-06-04,23.162,23.239,23.127,23.207,27786,4482
2024-06-04,24.769,25.478,23.897,25.082,41637,8057
2024-06-04,23.446,23.53,22.629,23.12,1992,2342
2024-06-04,24.191,24.647,23.759,24.152,23134,3785
2024-06-04,23.397,23.667,22.939,23.444,3902,4111
2024-06-04,23.562,23.814,23.122,23.748,38659,1243
2024-06-04,23.561,24.103,22.787,23.536,22079,2699
2024-06-04,23.267,23.718,22.546,23.112,6509,4082
2024-06-04,23.998,24.541,23.565,23.608,42939,5903
2024-06-04,24.551,24.69,23.918,24.077,34506,2952
2024-06-04,23.063,24.02,22.066,22.843,32776,234
2024-06-04,23.705,23.707,23.419,23.683,31118,6640
2024-06-04,23.78,24.723,23.532,24.55,25722,1764
2024-06-04,23.475,23.569,23.132,23.454,41925,4896
2024-06-04,23.911,24.291,23.788,24.14,22707,9909
2024-06-04,23.071,23.378,22.302,22.512,29962,421
2024-06-04,24.94,25.428,24.307,24.917,9436,1097
2024-06-04,24.47,24.862,23.79,23.883,32486,265
2024-06-04,23.799,23.865,23.727,23.847,48311,286
2024-06-04,24.817,25.352,24.32,24.329,7898,7424
2024-06-04,23.036,23.967,22.674,23.805,34317,461
2024-06-04,24.483,24.897,24.212,24.239,7739,8368
2024-06-04,23.907,23.983,23.846,23.875,20349,3758
2024-06-04,24.084,24.95,23.351,24.177,38785,409
2024-06-04,24.13,24.205,23.421,23.661,24769,7728
2024-06-04,23.309,23.461,22.796,23.183,12084,3124
2024-06-04,23.118,23.61,22.782,22.803,10482,9811
2024-06-04,24.704,25.257,24.06,24.218,6206,4578
2024-06-04,23.508,23.814,22.766,23.756,24412,5907
2024-06-04,23.254,23.774,22.259,23.665,14374,8623
2024-06-04,24.231,24.571,23.745,24.078,7917,9893
2024-06-04,24.341,24.839,23.866,24.597,42109,5821
2024-06-04,24.505,25.092,23.576,24.686,34409,9062
2024-06-04,23.075,23.854,22.788,23.148,29892,6855
2024-06-04,24.506,25.018,24.275,24.478,34714,9787
2024-06-04,24.808,25.677,24.78,25.403,20316,4861
2024-06-04,24.136,24.32,23.635,24.301,29499,5770
2024-06-04,23.57,24.042,22.801,23.172,22135,5665
2024-06-04,24.68,25.68,23.767,23.98,48597,7748
2024-06-04,23.277,23.992,22.631,23.296,3424,9453
2024-06-04,23.497,24.086,22.751,23.934,43179,8638
2024-06-04,23.49,23.93,22.917,23.622,6439,3143
2024-06-04,23.292,23.69,22.343,23.215,7118,4104
2024-06-04,24.885,25.549,23.982,24.009,12980,1134
2024-06-04,24.972,25.725,24.746,25.258,39068,1521
2024-06-04,23.335,23.34,22.499,23.17,46426,7573
2024-06-04,23.417,24.361,22.617,24.256,2292,7429
2024-06-04,23.664,24.128,23.077,23.446,39104,6113
2024-06-04,24.437,24.449,23.857,23.936,35163,905
2024-06-04,23.883,24.549,23.682,24.521,26665,6893
2024-06-04,24.794,25.147,24.188,24.265,28388,3031
2024-06-04,24.037,24.718,23.038,23.904,29796,9466
2024-06-04,23.988,24.94,23.205,23.493,40589,45
2024-06-04,24.344,24.627,23.442,24.354,28284,6245
2024-06-04,23.394,24.113,22.764,23.434,42623,1612
2024-06-04,23.947,24.512,23.376,24.15,32124,7463
2024-06-04,24.301,24.492,23.913,23.92,43201,5200
2024-06-04,24.209,25.118,23.274,24.257,13371,9783
2024-06-04,24.844,24.927,24.018,24.802,1659,94
2024-06-04,24.846,25.373,24.626,24.722,48837,5626
2024-06-04,24.777,24.859,23.857,24.631,37847,3695
2024-06-04,23.313,23.41,23.079,23.211,31730,6115
2024-06-04,23.8,24.535,23.596,24.524,19610,7052
2024-06-04,23.879,24.538,23.454,23.597,10704,2190
2024-06-04,24.398,24.885,23.728,24.461,46155,4909
2024-06-04,23.996,24.189,23.666,23.98,20130,8440
2024-06-04,23.504,23.964,22.744,22.955,9166,2502
2024-06-04,23.153,23.219,22.807,23.109,21675,8641
2024-06-04,23.39,23.547,23.084,23.248,13620,8289
2024-06-04,23.234,24.04,22.854,23.056,2679,7720
2024-06-04,23.779,24.1,23.242,24.072,4263,5228
2024-06-04,24.159,24.224,23.719,24.181,14961,587
2024-06-04,23.414,23.895,22.598,23.335,2126,897
2024-06-04,24.896,25.569,24.801,25.498,7644,2652
2024-06-04,23.883,24.393,23.34,24.312,38446,7583
2024-06-04,24.579,24.701,23.737,24.116,24651,285
2024-06-04,24.377,25.172,23.815,24.705,21816,6485
2024-06-04,24.919,25.119,24.502,25.028,15900,1136
2024-06-04,23.971,24.202,23.449,23.601,23037,315
2024-06-04,23.462,23.863,23.217,23.424,16713,9720
2024-06-04,24.229,24.264,23.893,23.947,7144,9056
2024-06-04,24.261,24.406,23.981,24.232,2145,1812
2024-06-04,23.451,24.034,22.669,23.607,20660,5036
2024-06-04,24.58,24.712,24.025,24.678,17714,7670
2024-06-04,24.51,25.467,23.586,24.962,8381,9170
2024-06-04,23.008,23.354,22.579,23.183,22834,5420
2024-06-04,24.472,24.725,23.588,23.921,29092,1745
2024-06-04,23.229,24.091,22.691,23.715,41494,5016
2024-06-04,23.89,24.463,23.168,23.594,31600,2026
2024-06-04,24.108,24.488,23.819,24.484,23067,5830
2024-06-04,23.172,23.78,22.444,22.516,32929,5266
2024-06-04,23.003,23.059,22.894,23.029,22081,2889
2024-06-04,24.662,25.275,23.795,24.263,23861,2444
2024-06-04,24.886,25.557,24.187,24.882,5308,4925
2024-06-04,24.296,25.194,24.175,24.845,19037,2559
2024-06-04,24.027,24.892,23.703,24.591,38498,4464
2024-06-04,23.887,24.712,22.982,23.987,16416,976
2024-06-04,24.246,24.614,23.408,23.895,44789,4201
2024-06-04,23.083,23.506,22.408,23.165,9400,4913
2024-06-04,24.745,25.552,23.831,24.69,42838,1326
2024-06-04,24.22,24.305,23.276,24.169,43508,5582
2024-06-04,23.542,24.143,23.511,23.878,11861,5171
2024-06-04,23.154,23.499,22.561,22.76,10263,6306
2024-06-04,23.954,24.346,23.427,23.93,26857,3293
2024-06-04,23.411,24.034,23.065,23.741,27674,9268
2024-06-04,23.258,24.182,22.654,23.088,40192,8911
2024-06-04,24.354,24.519,23.971,24.314,10131,6872
2024-06-04,24.004,24.779,23.444,24.003,47859,3261
2024-06-04,23.624,24.015,22.747,23.279,21779,2792
2024-06-04,23.23,23.974,23.007,23.158,28460,7678
2024-06-04,23.516,24.197,23.489,24.14,6907,6960
2024-06-04,24.285,24.838,23.997,24.293,28857,9840
2024-06-04,23.418,23.777,23.058,23.491,23466,7575
2024-06-04,24.618,25.478,24.223,24.883,20484,4126
2024-06-04,23.375,23.438,22.562,23.123,33603,1726
2024-06-04,23.768,24.657,23.173,23.869,29122,2661
2024-06-04,24.825,25.757,24.03,24.379,41401,367
2024-06-04,24.17,24.888,23.216,23.288,18504,3783
2024-06-04,23.252,23.371,22.782,22.911,22639,9228
2024-06-04,23.894,24.733,23.645,24.298,39802,6676
2024-06-04,23.97,24.338,23.739,24.179,25660,7009
2024-06-04,23.789,24.509,22.972,23.821,37803,3143
2024-06-04,23.814,24.145,22.905,23.102,7989,854
2024-06-04,23.982,24.349,23.247,23.322,47104,3369
2024-06-04,23.448,23.465,22.885,23.254,40506,6459
2024-06-04,23.014,23.396,22.297,22.51,47640,7141
2024-06-04,24.851,25.516,24.549,24.725,11080,6774
2024-06-04,24.175,24.341,23.55,24.255,17715,8588
2024-06-04,23.178,23.279,22.497,22.705,41393,7008
2024-06-04,23.282,24.104,23.213,23.532,36880,1606
2024-06-04,24.718,25.203,24.142,24.706,6422,5497
2024-06-04,23.42,24.114,23.088,23.951,31035,741
2024-06-04,24.103,24.927,23.174,24.436,36712,1955
2024-06-04,24.442,24.723,23.838,24.333,6944,2337
2024-06-04,23.547,23.92,22.997,23.883,34509,2707
2024-06-04,23.614,23.625,23.511,23.62,15230,5200
2024-06-04,23.59,24.394,23.293,23.856,10968,4971
2024-06-04,24.717,25.257,23.883,24.059,25235,6956
2024-06-04,23.34,23.747,23.124,23.316,12411,4939
2024-06-04,23.482,24.401,23.32,23.458,43047,4271
2024-06-04,24.401,24.919,23.747,24.169,23366,2951
2024-06-04,23.963,24.394,23.605,24.249,14695,1335
2024-06-04,23.14,23.806,22.447,23.408,48420,3873
2024-06-04,23.741,23.906,23.052,23.614,36030,9606
2024-06-04,23.697,24.164,23.666,24.068,48804,829
2024-06-04,24.69,25.21,23.733,24.835,21835,3902
2024-06-04,23.953,24.77,22.996,23.569,30757,423
2024-06-04,24.566,24.978,24.415,24.545,47634,9034
2024-06-04,23.01,23.91,22.746,23.487,1041,6621
2024-06-04,24.981,25.552,24.426,25.075,44630,1072
2024-06-04,24.581,25.086,23.989,24.299,3652,1342
2024-06-04,23.74,24.388,22.892,23.967,8049,2999
2024-06-04,24.445,24.609,23.665,24.498,12845,318
2024-06-04,24.469,25.139,23.818,24.294,23980,1366
2024-06-04,23.53,23.99,22.768,23.372,30837,8932
2024-06-04,23.001,23.405,22.45,23.351,2062,1166
2024-06-04,23.723,24.389,23.64,24.213,34102,6062
2024-06-04,24.267,24.676,23.849,23.887,29300,214
2024-06-04,23.987,24.949,23.754,24.077,11910,3329
2024-06-04,23.164,23.272,22.383,22.783,34673,6559
2024-06-04,24.55,25.432,24.157,24.688,5910,7976
2024-06-04,23.612,24.059,22.803,23.709,41541,1663
2024-06-04,23.712,24.268,23.13,23.69,17889,5656
2024-06-04,23.78,24.447,22.966,23.812,24314,4335
2024-06-04,24.567,25.04,24.233,24.958,3159,877
2024-06-04,23.605,23.673,23.152,23.187,27691,264
2024-06-04,23.386,24.025,22.394,23.026,24738,9943
2024-06-04,23.422,23.493,23.372,23.482,28986,898
2024-06-04,23.389,23.888,22.407,23.086,18586,7178
2024-06-04,24.741,24.858,24.174,24.371,46624,6394
2024-06-04,24.529,25.334,23.605,24.689,5451,5465
2024-06-04,23.604,23.949,22.674,23.705,18399,2423
2024-06-04,24.293,25.003,23.557,23.93,36405,1622
2024-06-04,23.368,23.751,23.134,23.565,45685,7666
2024-06-04,23.216,23.41,23.106,23.317,49042,7442
2024-06-04,23.961,24.27,23.394,23.579,33038,1575
2024-06-04,24.191,24.693,23.227,23.503,28133,76
2024-06-04,23.346,24.231,23.206,23.84,41409,8698
2024-06-04,24.259,24.569,23.711,23.798,19836,7645
2024-06-04,23.663,24.52,22.885,23.465,7351,790
2024-06-04,24.113,24.771,23.465,24.696,38819,5691
2024-06-04,24.106,24.2,23.281,23.624,45376,8965
2024-06-04,23.407,23.856,22.515,23.218,44314,5261
2024-06-04,23.078,23.644,23.013,23.547,48111,6919
2024-06-04,24.874,25.821,24.727,25.208,29693,8205
2024-06-04,24.948,25.745,24.634,25.068,4862,3564
2024-06-04,23.983,24.138,22.995,23.476,46187,5089
2024-06-04,24.371,24.627,24.137,24.436,35136,263
2024-06-04,23.421,24.072,22.539,23.228,40993,2791
2024-06-04,23.997,24.937,23.235,23.6,11134,118
2024-06-04,23.288,23.694,23.191,23.66,32402,1175
2024-06-04,24.864,25.021,24.023,24.402,1061,5603
2024-06-04,23.2,23.364,22.389,23.129,43656,3416
2024-06-04,24.817,25.792,24.39,24.722,39418,7272
2024-06-04,24.422,24.865,24.162,24.353,35423,4107
2024-06-04,24.856,25.304,24.387,24.697,47478,724
2024-06-04,24.483,24.752,24.165,24.182,35929,677
2024-06-04,23.217,24.205,22.284,22.796,32988,7719
2024-06-04,23.97,24.787,23.025,24.379,16423,6471
2024-06-04,23.534,24.125,23.254,23.788,23175,2545
2024-06-04,23.437,23.654,23.322,23.548,40470,1059
2024-06-04,24.241,24.461,23.427,24.175,45490,923
2024-06-04,24.161,25.076,24.144,24.334,3581,2870
2024-06-04,23.264,23.654,22.508,23.573,28475,3292
2024-06-04,24.842,25.428,24.294,24.725,14558,26
2024-06-04,24.176,24.769,23.275,23.549,29007,8039
2024-06-04,24.581,24.863,24.581,24.615,13000,3880
2024-06-04,23.052,23.616,22.727,23.154,45329,9152
2024-06-04,23.463,23.885,22.938,23.025,1278,8547
2024-06-04,24.147,25.074,23.218,24.601,40303,9482
2024-06-04,24.062,24.685,23.517,24.07,33843,6988
2024-06-04,24.948,25.416,24.323,25.414,40538,6573
2024-06-04,23.291,24.086,22.468,22.631,11724,2974
2024-06-04,24.54,24.586,23.929,24.349,32585,9573
2024-06-04,24.117,24.666,23.735,24.655,39949,4179
2024-06-04,23.193,23.763,22.912,23.082,16968,2822
2024-06-04,24.952,24.955,24.689,24.9,33776,3362
2024-06-04,24.844,25.518,24.123,24.882,16614,1492
2024-06-04,23.564,24.201,22.656,23.084,35849,5130
2024-06-04,24.251,24.338,23.432,23.851,46245,4142
2024-06-04,23.343,24.149,22.352,22.799,47814,9280
2024-06-04,24.572,25.075,24.179,24.962,31348,1510
2024-06-04,23.706,24.293,23.118,23.167,31322,7764
2024-06-04,24.689,25.33,24.623,25.314,30733,4030
2024-06-04,24.053,24.196,23.822,24.185,40004,7626
2024-06-04,23.655,24.217,22.729,23.208,37734,4952
2024-06-04,23.198,24.12,22.85,22.898,2687,3668
2024-06-04,23.579,23.8,23.019,23.589,3243,1752
2024-06-04,23.491,23.548,23.271,23.286,7137,1489
2024-06-04,23.154,24.085,23.031,23.841,1211,9075
2024-06-04,23.503,23.822,22.541,22.926,9938,6452
2024-06-04,24.654,24.684,24.556,24.632,31065,1882
2024-06-04,24.777,25.505,23.893,24.889,18100,3597
2024-06-04,24.788,25.058,24.405,24.817,2591,9611
2024-06-04,24.585,24.702,24.575,24.697,24532,7794
2024-06-04,24.612,25.594,24.51,25.573,16700,9328
2024-06-04,24.764,24.876,24.603,24.732,40194,6086
2024-06-04,23.306,24.191,23.228,23.389,32810,9438
2024-06-04,23.45,24.262,22.615,22.978,44832,3281
2024-06-04,24.587,25.524,23.738,25.392,44553,1635
2024-06-04,23.551,23.763,23.445,23.606,46797,1893
2024-06-04,24.426,25.277,24.054,24.988,17379,4683
2024-06-04,24.702,24.914,24.659,24.736,39756,5017
2024-06-04,24.225,24.787,23.536,24.772,48392,7461
2024-06-04,24.136,24.179,23.637,24.027,3770,718
2024-06-04,23.54,23.779,23.533,23.587,33193,9527
2024-06-04,24.393,25.176,24.118,24.553,28570,8376
2024-06-04,24.342,24.924,23.758,23.896,19807,9240
2024-06-04,24.636,25.131,23.683,24.842,14515,8772
2024-06-04,24.854,24.884,24.07,24.176,19666,3600
2024-06-04,23.751,23.903,23.492,23.873,10025,4804
2024-06-04,23.588,24.19,23.466,23.626,31050,9208
2024-06-04,23.829,24.071,23.003,23.519,33961,5914
2024-06-04,23.635,24.12,23.231,23.82,34850,1172
2024-06-04,23.427,24.038,23.008,23.163,30312,1330
2024-06-04,23.16,23.806,22.623,23.262,10256,3860
2024-06-04,24.831,24.864,24.547,24.562,30894,7533
2024-06-04,23.983,24.53,23.292,23.904,23201,7765
2024-06-04,23.825,24.4,23.213,23.448,30139,8228
2024-06-04,24.165,24.577,23.753,23.925,33955,1811
2024-06-04,24.702,24.736,23.714,24.612,15747,151
2024-06-04,23.05,23.571,22.45,23.224,7269,2735
2024-06-04,23.55,24.213,22.846,23.464,2777,8177
2024-06-04,23.179,23.866,22.537,22.567,4123,2303
2024-06-04,23.335,23.731,23.287,23.297,14497,8014
2024-06-04,23.655,23.843,22.715,22.749,13983,2690
2024-06-04,24.243,24.295,23.344,23.745,14816,6437
2024-06-04,24.699,25.31,24.461,25.126,7797,6530
2024-06-04,24.189,24.621,23.56,23.816,47476,4171
2024-06-04,24.477,24.544,24.382,24.442,18083,1885
2024-06-04,23.536,24.102,23.252,23.784,45171,3487
2024-06-04,24.219,24.325,24.072,24.278,29392,5864
2024-06-04,23.934,23.965,23.695,23.733,25189,1767
2024-06-04,23.584,23.914,22.971,23.459,28205,9685
2024-06-04,23.391,23.802,22.712,23.292,21702,5022
2024-06-04,23.793,23.804,23.21,23.74,41911,2309
2024-06-04,23.543,24.353,23.451,24.225,31701,7438
2024-06-04,23.939,24.595,23.01,23.593,21339,3990
2024-06-04,23.989,24.658,23.571,24.175,43527,755
2024-06-04,23.496,23.792,23.078,23.385,21768,476
2024-06-04,24.625,25.132,24.019,24.58,40882,2383
2024-06-04,23.524,23.534,22.669,23.529,11201,5796
2024-06-04,23.53,23.532,22.591,23.495,39261,5477
2024-06-04,24.286,25.281,23.77,24.654,19767,2558
2024-06-04,24.55,25.348,24.319,25.238,12484,3636
2024-06-04,24.445,25.028,23.888,24.914,36144,8743
2024-06-04,24.165,24.687,23.563,24.031,16125,540
2024-06-04,23.201,23.832,22.835,23.217,48180,6779
2024-06-04,23.483,24.379,23.324,23.802,5983,6646
2024-06-04,24.648,24.847,24.104,24.571,37384,3355
2024-06-04,24.919,25.073,23.933,24.392,19382,4392
2024-06-04,24.85,25.509,24.342,25.406,14352,9814
2024-06-04,24.706,25.244,23.756,24.235,39222,6742
2024-06-04,23.284,24.28,23.201,23.966,36544,6065
2024-06-04,24.199,24.887,23.903,24.712,32746,3882
2024-06-04,23.444,24.024,22.717,23.833,1418,3286
2024-06-04,23.942,24.727,23.109,24.419,46469,7741
2024-06-04,23.406,23.437,22.577,23.256,10037,9816
2024-06-04,24.301,24.384,23.454,23.572,41118,1762
2024-06-04,23.395,23.577,23.246,23.287,21566,9024
2024-06-04,23.757,24.165,23.174,23.649,44150,4903
2024-06-04,23.827,24.736,22.889,24.131,3880,7584
2024-06-04,23.638,24.635,22.939,23.803,12322,4722
2024-06-04,24.915,25.376,24.112,24.83,25633,3642
2024-06-04,23.5,24.489,22.971,23.937,40485,2331
2024-06-04,24.033,24.399,23.728,24.315,42036,4145
2024-06-04,24.239,25.095,24.2,24.631,49775,3715
2024-06-04,24.268,25.192,23.479,24.356,28728,3278
2024-06-04,23.776,24.299,23.263,23.646,16162,6242
2024-06-04,23.707,24.553,22.753,23.162,32420,2454
2024-06-04,23.915,24.191,23.405,23.987,37483,1446
2024-06-04,24.823,25.237,23.961,23.979,38019,6624
2024-06-04,23.335,24.301,23.218,24.232,19455,7840
2024-06-04,24.948,25.064,24.328,24.737,41856,436
2024-06-04,23.068,23.435,22.864,23.063,10046,6005
2024-06-04,23.505,23.835,22.886,22.928,15062,2701
2024-06-04,23.558,24.134,22.699,23.154,10453,4313
2024-06-04,23.288,23.872,22.667,23.63,12926,66
2024-06-04,24.061,24.566,23.445,23.616,35143,3647
2024-06-04,23.053,23.308,22.429,22.642,18300,8748
2024-06-04,24.894,25.885,24.887,25.491,9070,3564
2024-06-04,24.905,25.3,24.172,24.502,47683,540
2024-06-04,23.535,23.839,23.169,23.82,29078,8847
2024-06-04,24.054,24.861,23.688,24.02,47257,7882
2024-06-04,24.866,25.482,24.684,25.08,8143,8029
2024-06-04,23.964,24.351,23.959,24.039,15173,6581
2024-06-04,24.078,24.947,23.121,23.19,47502,8187
2024-06-04,23.053,23.127,22.47,22.714,1421,5521
2024-06-04,23.322,24.269,22.638,22.796,25400,7155
2024-06-04,23.307,23.368,22.715,22.741,19932,5432
2024-06-04,24.27,25.212,23.294,23.683,41477,4667
2024-06-04,23.047,23.776,22.381,23.319,21598,586
2024-06-04,23.991,24.776,23.702,24.219,28046,9944
2024-06-04,23.565,24.379,23.24,23.857,44756,7763
2024-06-04,23.639,23.878,23.638,23.814,11725,1995
2024-06-04,24.139,24.396,24.12,24.266,5576,8280
2024-06-04,23.885,24.352,23.655,23.743,29696,3432
2024-06-04,24.056,24.399,23.28,23.407,45012,2123
2024-06-04,24.412,25.273,24.135,24.636,28362,721
2024-06-04,24.184,24.209,24.104,24.202,47564,2716
2024-06-04,23.006,23.951,22.888,23.413,9777,124
2024-06-04,23.812,24.191,23.261,23.78,1283,2206
2024-06-04,24.224,25.07,23.962,24.847,20902,183
2024-06-04,24.333,24.602,23.74,24.489,27373,9451
2024-06-04,24.901,25.726,24.681,24.792,19659,5322
2024-06-04,23.687,24.011,23.249,23.657,35653,9673
2024-06-04,23.573,24.361,23.118,23.358,3802,6993
2024-06-04,24.596,24.997,24.135,24.369,45344,8976
2024-06-04,24.827,25.47,24.107,25.286,47127,5682
2024-06-04,23.142,23.617,22.547,23.092,11337,5570
2024-06-04,24.16,24.576,23.609,24.384,38830,9037
2024-06-04,23.961,24.821,23.296,24.603,45097,5640
2024-06-04,24.493,24.57,24.05,24.564,7420,7073
2024-06-04,23.211,23.955,22.92,23.412,1924,9380
2024-06-04,24.46,24.476,24.352,24.427,21252,2422
2024-06-04,24.404,24.841,23.434,23.799,8195,7099
2024-06-04,24.965,25.329,24.458,25.192,11246,9424
2024-06-04,23.635,24.102,22.97,23.036,13521,1996
2024-06-04,24.717,25.095,24.475,24.643,22797,9414
2024-06-04,23.676,23.77,23.205,23.597,43726,6357
2024-06-04,24.258,24.778,23.973,24.621,21370,9703
2024-06-04,24.189,24.299,23.51,24.047,7005,1128
2024-06-04,24.8,25.179,23.965,24.389,18559,3443
2024-06-04,24.186,24.76,23.842,24.59,38162,5396
2024-06-04,23.621,24.323,23.483,23.9,34327,7126
2024-06-04,23.077,23.275,22.748,23.228,27611,1370
2024-06-04,23.423,24.185,23.195,23.657,13471,3306
2024-06-04,23.742,24.24,23.5,24.117,43553,1428
2024-06-04,23.074,23.492,22.179,23.453,15477,8918
2024-06-04,23.358,24.356,22.905,23.103,20858,4703
2024-06-04,23.429,24.139,23.332,23.609,12167,1449
2024-06-04,24.928,25.609,24.313,25.262,46587,3834
2024-06-04,24.505,25.176,24.404,25.139,23510,4413
2024-06-04,23.795,24.349,23.023,23.721,33307,3313
2024-06-04,23.957,24.919,23.421,24.199,7726,3539
2024-06-04,23.303,23.668,22.845,23.479,28289,1961
2024-06-04,23.915,24.108,23.593,23.823,37098,4547
2024-06-04,24.632,24.932,23.908,23.968,48244,815
2024-06-04,23.381,23.914,23.054,23.398,44843,4763
2024-06-04,24.211,24.926,23.936,24.216,33452,3037
2024-06-04,23.682,23.855,23.315,23.34,20697,9226
2024-06-04,23.037,23.35,22.422,22.713,31021,9149
2024-06-04,24.521,25.339,24.358,25.257,17974,8470
2024-06-04,24.825,25.232,24.686,25.124,4663,376
2024-06-04,23.773,24.669,23.087,23.799,42871,4404
2024-06-04,24.976,25.82,24.29,25.49,8638,6131
2024-06-04,24.02,24.548,23.372,24.285,40188,6651
2024-06-04,23.258,23.353,23.163,23.187,16234,8107
2024-06-04,23.086,23.651,22.855,23.318,34598,5556
2024-06-04,24.217,25.156,23.295,23.688,27028,4863
2024-06-04,24.883,25.016,24.672,24.836,39450,3637
2024-06-04,23.749,24.212,23.201,23.74,25828,3152
2024-06-04,24.277,24.518,24.093,24.267,46735,8122
2024-06-04,24.591,24.713,23.753,24.362,4105,2622
2024-06-04,23.627,23.689,23.321,23.377,16775,2702
2024-06-04,24.6,25.379,24.547,24.786,44895,2695
2024-06-04,24.186,24.516,23.202,24.262,10176,5847
2024-06-04,24.544,25.235,24.439,24.971,39618,3495
2024-06-04,23.658,24.314,22.715,24.181,32033,7498
2024-06-04,24.438,25.203,24.04,24.837,42766,9412
2024-06-04,23.534,24.249,23.075,23.241,41639,4794
2024-06-04,24.06,24.897,23.841,23.898,35334,9143
2024-06-04,23.957,24.666,23.899,24.164,14025,1772
2024-06-04,24.509,25.042,24.006,24.855,34205,1818
2024-06-04,24.289,25.189,23.622,24.134,42419,7198
2024-06-04,23.572,23.942,23.273,23.552,4130,8033
2024-06-04,24.226,24.33,24.191,24.235,7201,7970
2024-06-04,24.783,25.17,24.301,24.307,13778,7180
2024-06-04,23.152,23.808,22.552,23.28,34528,8926
2024-06-04,24.601,25.387,24.568,25.138,30961,5305
2024-06-04,24.569,25.382,23.607,25.05,16128,5150
2024-06-04,24.448,24.984,24.094,24.101,20611,8835
2024-06-04,23.814,24.719,23.358,23.365,48402,2491
2024-06-04,23.794,24.156,23.366,23.747,48255,5932
2024-06-04,24.398,25.081,23.548,23.885,38688,5236
2024-06-04,24.167,24.171,23.458,23.717,20910,4538
2024-06-04,24.833,25.205,24.48,24.537,37647,111
2024-06-04,23.813,24.323,23.799,24.177,26976,1893
2024-06-04,24.949,25.613,24.223,25.413,26908,4968
2024-06-04,23.137,23.591,22.323,22.464,17804,6655
2024-06-04,23.031,23.896,22.895,22.934,21391,9365
2024-06-04,24.925,25.529,24.674,24.836,36892,5038
2024-06-04,23.028,23.892,22.239,23.328,25340,6234
2024-06-04,23.937,24.287,23.721,23.866,35343,8268
2024-06-04,24.029,24.059,23.724,24.021,3402,4115
2024-06-04,23.526,23.772,22.766,22.781,27983,8653
2024-06-04,24.885,25.721,24.058,24.826,7725,8133
2024-06-04,24.512,24.699,23.748,24.532,9406,7192
2024-06-04,23.005,23.384,22.837,23.311,48357,2582
2024-06-04,24.374,24.508,24.351,24.426,47834,5131
2024-06-04,23.395,23.424,23.017,23.207,28401,2617
2024-06-04,24.695,24.705,24.587,24.656,30467,3477
2024-06-04,24.121,24.78,23.846,24.424,28544,4946
2024-06-04,23.236,23.863,22.555,23.025,32100,1006
2024-06-04,23.707,24.264,23.046,23.647,20769,4602
2024-06-04,24.361,24.836,23.595,24.187,42632,1842
2024-06-04,24.605,24.756,23.684,23.865,11881,5685
2024-06-04,23.5,23.559,23.094,23.328,32002,2302
2024-06-04,24.188,25.06,23.466,23.767,13089,1636
2024-06-04,24.833,25.477,24.715,25.402,3887,461
2024-06-04,24.76,25.376,24.378,24.922,8553,7590
2024-06-04,24.997,25.445,24.563,25.426,25258,3988
2024-06-04,24.385,24.991,23.69,24.041,22402,2793
2024-06-04,23.972,24.204,22.989,23.705,11152,3323
2024-06-04,23.312,23.458,22.672,23.034,45350,5689
2024-06-04,23.762,24.537,23.136,24.343,45994,1019
2024-06-04,23.629,23.925,23.528,23.829,47026,9631
2024-06-04,23.883,24.256,22.905,23.374,6522,9457
2024-06-04,23.78,23.844,23.666,23.723,17740,3442
2024-06-04,23.315,23.378,23.164,23.167,47022,1293
2024-06-04,24.363,25.009,23.787,24.237,24097,4307
2024-06-04,24.867,25.734,24.838,25.262,30796,4212
2024-06-04,24.211,24.495,24.158,24.447,25284,1575
2024-06-04,24.294,24.327,24.227,24.29,18542,2619
2024-06-04,24.971,25.706,24.665,25.469,43998,2669
2024-06-04,24.419,24.732,23.799,24.244,7215,8447
2024-06-04,24.46,24.636,24.02,24.606,7113,24
2024-06-04,23.295,24.182,22.614,23.502,47993,8907
2024-06-04,23.893,24.14,23.102,23.275,13508,2081
2024-06-04,24.276,24.738,23.907,24.155,22546,8105
2024-06-04,23.159,23.477,22.226,22.329,17787,2760
2024-06-04,23.436,24.119,22.765,23.792,47736,7877
2024-06-04,24.421,25.052,24.361,24.62,45593,2800
2024-06-04,23.844,23.941,23.659,23.75,2770,8784
2024-06-04,23.22,23.737,23.004,23.307,44780,821
2024-06-04,23.205,24.062,22.503,23.435,21458,5260
2024-06-04,24.157,24.82,23.793,24.549,28361,856
2024-06-04,23.185,23.831,22.832,23.525,20786,3416
2024-06-04,24.594,24.707,23.899,24.216,47169,363
2024-06-04,23.521,24.052,23.01,23.186,44322,8831
2024-06-04,24.569,25.462,24.278,24.364,7381,4397
2024-06-04,24.397,25.045,24.169,24.936,46236,9692
2024-06-04,23.743,24.187,23.043,23.387,7864,6020
2024-06-04,23.541,23.904,23.225,23.809,14301,8911
2024-06-04,24.381,24.994,23.401,24.466,42093,2673
2024-06-04,23.421,23.605,23.227,23.296,29352,8882
2024-06-04,24.297,25.181,24.073,24.412,44058,3873
2024-06-04,24.877,25.608,24.869,25.429,11939,5821
2024-06-04,23.598,24.481,23.423,23.501,15629,5924
2024-06-04,24.934,25.915,23.937,24.158,33642,835
2024-06-04,24.031,24.82,23.351,24.77,35802,9043
2024-06-04,23.209,23.469,22.642,22.966,39862,7716
2024-06-04,24.661,24.914,24.158,24.76,40971,735
2024-06-04,23.976,24.871,23.81,24.48,26146,3049
2024-06-04,24.172,24.221,23.833,24.203,27069,1747
2024-06-04,23.576,23.78,23.186,23.228,32016,6914
2024-06-04,23.797,24.045,23.468,23.762,13279,1287
2024-06-04,23.148,23.234,22.741,23.041,12255,6631
2024-06-04,23.765,24.577,23.562,24.059,43343,7582
2024-06-04,24.933,25.044,24.099,24.824,2692,716
2024-06-04,24.508,24.542,23.936,24.2,43605,5632
2024-06-04,23.916,24.016,23.777,23.819,22907,4917
2024-06-04,23.652,23.717,23.51,23.52,32662,2746
2024-06-04,23.516,24.118,22.763,23.165,21223,4259
2024-06-04,24.01,24.691,23.873,23.922,18397,8947
2024-06-04,24.067,24.766,23.673,23.801,1397,5440
2024-06-04,24.918,25.037,24.112,24.461,42723,4764
2024-06-04,23.903,24.007,23.272,23.961,37322,8972
2024-06-04,24.532,24.823,23.681,24.701,11912,8897
2024-06-04,24.903,25.875,24.011,24.707,30989,3497
2024-06-04,24.474,25.434,23.521,24.475,5636,9601
2024-06-04,23.79,24.106,23.041,23.821,9360,9946
2024-06-04,24.104,25.016,24.024,24.032,8646,2157
2024-06-04,23.25,23.677,22.632,23.615,38753,7407
2024-06-04,24.326,24.855,23.333,23.848,14423,8536
2024-06-04,23.281,24.131,23.102,23.642,29611,5596
2024-06-04,24.495,24.872,24.183,24.499,39579,5655
2024-06-04,23.702,23.942,23.485,23.599,10685,2424
2024-06-04,23.741,24.596,23.086,24.538,22272,5603
2024-06-04,23.441,23.773,22.493,22.519,29491,5912
2024-06-04,24.936,25.792,24.468,24.737,21635,5106
2024-06-04,24.299,24.64,23.832,23.918,18558,8319
2024-06-04,24.34,24.491,23.354,23.934,45275,5691
2024-06-04,24.098,24.936,23.968,24.46,27197,6039
2024-06-04,23.722,24.466,22.873,23.702,33629,5443
2024-06-04,23.284,23.67,22.393,23.466,11257,5253
2024-06-04,24.81,25.054,24.061,24.617,30579,5595
2024-06-04,24.375,24.911,23.47,23.857,26904,1000
2024-06-04,24.395,25.261,23.416,24.954,31731,2068
2024-06-04,24.957,25.058,24.811,25.051,29562,5298
2024-06-04,23.228,23.286,22.48,23.126,27835,3275
2024-06-04,24.386,24.949,23.972,24.034,7310,2243
2024-06-04,23.311,23.681,22.886,23.041,3083,5152
2024-06-04,24.31,24.857,23.54,23.637,4206,4091
2024-06-04,23.339,23.64,22.472,23.569,48700,6852
2024-06-04,23.492,24.001,22.903,23.782,19108,3404
2024-06-04,24.136,24.579,23.996,24.191,32448,9617
2024-06-04,23.76,23.769,23.183,23.715,8537,9815
2024-06-04,23.526,23.945,22.811,22.948,9831,8770
2024-06-04,23.441,23.623,23.234,23.269,7237,1959
2024-06-04,23.742,24.38,23.448,24.064,26848,7335
2024-06-04,23.684,23.977,23.133,23.453,20237,1360
2024-06-04,23.506,23.668,22.806,23.062,3210,6619
2024-06-04,24.691,24.923,24.11,24.644,17873,4490
2024-06-04,24.057,24.364,23.405,23.595,38752,1723
2024-06-04,24.411,25.192,23.943,24.165,15121,4467
2024-06-04,24.119,24.823,23.254,24.141,9251,8384
2024-06-04,23.14,23.636,22.527,23.178,9124,9721
2024-06-04,24.666,25.194,24.332,24.502,18487,6734
2024-06-04,23.272,23.626,22.51,23.62,32276,8121
2024-06-04,24.172,24.64,23.516,23.952,16886,4873
2024-06-04,24.265,25.134,23.409,24.277,41765,374
2024-06-04,24.316,24.931,23.427,23.861,15098,9346
2024-06-04,23.443,23.472,23.118,23.161,24406,8388
2024-06-04,24.826,24.938,24.356,24.47,35750,6409
2024-06-04,23.581,23.848,23.316,23.39,24240,2731
2024-06-04,23.574,24.335,22.994,24.268,26604,7531
2024-06-04,23.634,24.468,23.366,23.729,26173,9121
2024-06-04,24.7,25.451,23.71,25.15,29811,347
2024-06-04,23.388,24.365,22.986,23.077,27072,2052
2024-06-04,24.09,24.894,23.895,24.272,38209,4850
2024-06-04,24.838,25.078,24.232,25.037,6210,1265
2024-06-04,24.83,25.708,24.081,25.393,38059,2738
2024-06-04,24.804,25.199,23.952,24.836,10864,4935
2024-06-04,24.67,25.466,24.07,25.201,44361,4428
2024-06-04,24.297,24.517,24.2,24.494,18958,5910
2024-06-04,24.914,25.627,24.217,24.524,23965,8507
2024-06-04,23.083,23.476,22.869,23.035,5997,2738
2024-06-04,23.044,23.534,22.671,23.217,11490,5851
2024-06-04,23.117,23.963,22.241,22.865,34108,7638
2024-06-04,24.448,25.365,23.919,24.285,18932,4645
2024-06-04,24.839,25.216,24.211,25.169,38765,476
2024-06-04,23.006,23.064,22.136,22.483,47422,3415
2024-06-04,23.254,24.201,22.755,23.247,20651,4549
2024-06-04,24.808,25.557,24.494,25.055,31617,8967
2024-06-04,23.258,23.972,22.786,23.52,47577,7817
2024-06-04,24.087,24.627,23.522,24.22,49110,558
2024-06-04,23.39,24.104,22.481,23.015,36979,9909
2024-06-04,24.685,25.6,24.234,24.294,17828,6925
2024-06-04,24.352,24.437,24.316,24.399,43316,3224
2024-06-04,24.744,25.072,24.28,24.687,17901,9071
2024-06-04,23.083,23.495,22.393,22.58,16657,4740
2024-06-04,23.689,24.288,23.63,24.176,45311,3731
2024-06-04,24.818,25.303,23.99,24.342,26484,6717
2024-06-04,24.544,25.024,24.063,24.688,15949,384
2024-06-04,23.294,24.005,23.128,23.305,3539,6974
2024-06-04,24.009,24.747,23.825,23.944,26165,9968
2024-06-04,24.497,24.738,24.044,24.176,47679,4410
2024-06-04,24.106,25.105,23.243,23.821,47620,9561
2024-06-04,24.74,25.221,23.992,24.825,26696,8786
2024-06-04,23.939,24.882,23.525,23.709,40605,1201
2024-06-04,23.457,23.894,22.692,23.242,15320,7003
2024-06-04,24.668,25.065,23.969,24.295,38245,500
2024-06-04,24.328,24.63,23.844,23.951,18476,3213
2024-06-04,24.364,25.091,23.584,24.294,34200,9845
2024-06-04,23.527,23.706,22.648,23.688,19851,327
2024-06-04,24.566,25.0,23.825,24.155,37403,6714
2024-06-04,23.211,23.486,22.807,23.199,6358,9711
2024-06-04,24.286,24.724,23.457,24.611,43930,6262
2024-06-04,24.66,24.787,23.786,24.649,8426,2116
2024-06-04,24.08,24.295,23.994,24.053,29449,9700
2024-06-04,23.251,23.598,23.228,23.595,29176,6314
2024-06-04,24.779,25.251,24.73,24.826,30141,8684
2024-06-04,23.185,23.593,22.398,23.247,17527,7702
2024-06-04,24.296,24.676,24.04,24.041,41211,7368
2024-06-04,24.775,25.726,24.529,25.592,20275,5790
2024-06-04,24.051,24.08,23.96,24.03,23575,4821
2024-06-04,24.575,24.756,23.61,24.474,10820,6974
2024-06-04,23.273,24.042,22.982,23.862,30439,7434
2024-06-04,23.928,23.937,23.124,23.296,36697,5215
2024-06-04,23.816,23.928,23.308,23.486,27428,2334
2024-06-04,24.969,25.338,24.503,24.91,13026,2402
2024-06-04,23.54,23.619,23.274,23.462,16262,6481
2024-06-04,24.682,25.336,24.618,24.8,10542,3765
2024-06-04,23.243,23.877,22.748,23.661,4444,1769
2024-06-04,24.702,24.909,24.352,24.665,37051,3185
2024-06-04,24.737,25.285,24.396,24.611,41070,3647
2024-06-04,24.81,25.6,24.394,25.566,8043,52
2024-06-04,24.631,25.384,23.777,24.895,15959,6374
2024-06-04,24.9,25.003,24.402,24.58,6484,9075
2024-06-04,24.218,24.756,24.202,24.728,26016,7393
2024-06-04,24.508,24.738,23.569,23.706,42550,4481
2024-06-04,23.89,24.399,23.316,24.372,32224,1372
2024-06-04,23.607,24.584,23.308,23.337,33396,3396
2024-06-04,24.58,24.971,24.041,24.618,48188,8095
2024-06-04,23.145,23.349,22.553,22.602,36279,8577
2024-06-04,23.373,23.954,23.137,23.284,26441,6992
2024-06-04,23.858,24.549,22.904,23.617,45397,3315
2024-06-04,23.082,23.793,22.596,22.819,30992,6155
2024-06-04,24.138,24.423,23.526,23.918,38908,3175
2024-06-04,24.84,25.259,24.531,25.061,43315,4729
2024-06-04,23.596,24.516,22.682,23.765,18740,4884
2024-06-04,23.247,24.119,22.661,23.34,20402,5836
2024-06-04,24.284,24.43,23.518,24.424,29568,9026
2024-06-04,24.805,25.155,24.723,24.747,30651,7923
2024-06-04,23.901,24.816,23.608,24.608,22243,9216
2024-06-04,24.326,25.007,23.588,23.974,49905,5573
2024-06-04,24.673,25.288,23.92,25.121,21399,3913
2024-06-04,23.386,24.232,22.883,22.941,15730,9036
2024-06-04,23.175,23.263,23.033,23.183,7511,4918
2024-06-04,24.382,25.08,24.227,24.845,22066,2047
2024-06-04,23.858,24.694,23.21,24.335,37254,5233
2024-06-04,24.863,24.944,24.303,24.829,38751,6382
2024-06-04,23.689,24.358,22.82,23.791,41345,4100
2024-06-04,23.832,24.512,22.964,23.764,23502,9862
2024-06-04,23.828,24.257,23.157,23.309,11490,9220
2024-06-04,24.94,25.354,24.707,24.871,18849,3295
2024-06-04,24.989,25.161,24.237,24.829,47724,346
2024-06-04,23.893,23.968,22.96,23.888,6841,4569
2024-06-04,24.536,24.679,24.287,24.519,36865,4834
2024-06-04,24.178,24.617,23.434,24.535,47659,9521
2024-06-04,24.022,24.679,23.751,24.333,12185,4856
2024-06-04,23.736,24.073,23.315,23.915,37353,8877
2024-06-04,24.031,24.431,23.908,24.225,42137,4587
2024-06-04,24.933,25.493,24.277,25.12,33370,7673
2024-06-04,23.685,24.119,23.075,23.089,13368,1844
2024-06-04,23.84,24.052,23.491,23.851,36094,86
2024-06-04,24.462,25.408,23.618,25.073,46071,6939
2024-06-04,23.404,23.9,22.652,22.932,46329,8618
2024-06-04,24.175,24.93,23.925,24.89,49846,8451
2024-06-04,23.257,23.32,23.158,23.312,29473,6726
2024-06-04,24.09,24.775,23.793,24.502,15560,5666
2024-06-04,23.51,23.598,23.005,23.587,12910,8192
2024-06-04,24.896,24.906,24.21,24.652,25092,843
2024-06-04,23.399,23.408,23.048,23.383,41378,3892
2024-06-04,24.795,25.263,24.378,24.403,44926,597
2024-06-04,23.028,23.685,22.824,23.263,37986,1201
2024-06-04,24.596,24.948,24.055,24.483,28571,827
2024-06-04,24.564,25.312,24.277,24.533,32718,8358
2024-06-04,23.478,23.941,23.319,23.502,16320,2317
2024-06-04,23.054,23.512,22.921,22.946,44818,5328
2024-06-04,23.262,24.109,23.244,24.066,33624,2088
2024-06-04,23.061,24.042,22.343,23.685,2621,5183
2024-06-04,23.513,24.065,23.098,23.102,8063,7267
2024-06-04,23.607,23.745,22.667,23.381,28282,2417
2024-06-04,23.734,24.4,23.531,24.158,14137,4492
2024-06-04,24.331,24.402,23.956,24.012,10669,1208
2024-06-04,23.515,23.573,22.858,22.889,12659,6244
2024-06-04,24.077,24.209,23.989,24.168,5331,2630
2024-06-04,24.541,24.954,24.154,24.854,29523,6750
2024-06-04,24.733,25.362,24.395,25.209,16291,4031
2024-06-04,23.079,23.632,22.857,23.201,35704,7964
2024-06-04,24.683,24.7,24.423,24.473,9951,1663
